country,state,year,variable,generation_gwh,share_of_generation_pct,capacity_mw,emissions_ktco2,share_of_emissions_pct
India,Andaman and Nicobar,2019,Bioenergy,0.0,0.0,0.0,0.0,0.0
India,Andaman and Nicobar,2019,Coal,0.0,0.0,0.0,0.0,0.0
India,Andaman and Nicobar,2019,Gas,0.0,0.0,0.0,0.0,0.0
India,Andaman and Nicobar,2019,Hydro,7.55,6.84,5.25,0.18,0.29
India,Andaman and Nicobar,2019,Nuclear,0.0,0.0,0.0,0.0,0.0
India,Andaman and Nicobar,2019,Other Fossil,88.62,80.31,40.05,62.03,98.63
India,Andaman and Nicobar,2019,Other Renewables,0.0,0.0,0.0,0.0,0.0
India,Andaman and Nicobar,2019,Solar,14.18,12.85,12.19,0.68,1.08
India,Andaman and Nicobar,2019,Wind,0.0,0.0,0.0,0.0,0.0
India,Andaman and Nicobar,2020,Bioenergy,0.0,0.0,0.0,0.0,0.0
India,Andaman and Nicobar,2020,Coal,0.0,0.0,0.0,0.0,0.0
India,Andaman and Nicobar,2020,Gas,0.0,0.0,0.0,0.0,0.0
India,Andaman and Nicobar,2020,Hydro,14.41,8.94,5.25,0.35,0.39
India,Andaman and Nicobar,2020,Nuclear,0.0,0.0,0.0,0.0,0.0
India,Andaman and Nicobar,2020,Other Fossil,126.22,78.28,40.05,88.35,98.51
India,Andaman and Nicobar,2020,Other Renewables,0.0,0.0,0.0,0.0,0.0
India,Andaman and Nicobar,2020,Solar,20.62,12.79,29.22,0.99,1.1
India,Andaman and Nicobar,2020,Wind,0.0,0.0,0.0,0.0,0.0
India,Andaman and Nicobar,2021,Bioenergy,0.0,0.0,0.0,0.0,0.0
India,Andaman and Nicobar,2021,Coal,0.0,0.0,0.0,0.0,0.0
India,Andaman and Nicobar,2021,Gas,0.0,0.0,0.0,0.0,0.0
India,Andaman and Nicobar,2021,Hydro,12.98,9.92,5.25,0.31,0.46
India,Andaman and Nicobar,2021,Nuclear,0.0,0.0,0.0,0.0,0.0
India,Andaman and Nicobar,2021,Other Fossil,95.43,72.93,40.05,66.8,97.96
India,Andaman and Nicobar,2021,Other Renewables,0.0,0.0,0.0,0.0,0.0
India,Andaman and Nicobar,2021,Solar,22.45,17.16,29.49,1.08,1.58
India,Andaman and Nicobar,2021,Wind,0.0,0.0,0.0,0.0,0.0
India,Andhra Pradesh,2019,Bioenergy,260.99,0.34,500.34,60.03,0.12
India,Andhra Pradesh,2019,Coal,56674.98,74.06,11590.0,46473.48,95.96
India,Andhra Pradesh,2019,Gas,2995.04,3.91,4898.54,1467.57,3.03
India,Andhra Pradesh,2019,Hydro,3133.97,4.1,1772.11,75.22,0.16
India,Andhra Pradesh,2019,Nuclear,0.0,0.0,0.0,0.0,0.0
India,Andhra Pradesh,2019,Other Fossil,0.0,0.0,36.8,0.0,0.0
India,Andhra Pradesh,2019,Other Renewables,7.28,0.01,0.0,0.28,0.0
India,Andhra Pradesh,2019,Solar,5544.21,7.24,3559.02,266.12,0.55
India,Andhra Pradesh,2019,Wind,7911.17,10.34,4092.45,87.02,0.18
India,Andhra Pradesh,2020,Bioenergy,200.57,0.31,506.83,46.13,0.12
India,Andhra Pradesh,2020,Coal,44290.94,68.6,11590.0,36318.57,94.21
India,Andhra Pradesh,2020,Gas,3494.37,5.41,4898.54,1712.24,4.44
India,Andhra Pradesh,2020,Hydro,3588.07,5.56,1772.11,86.11,0.22
India,Andhra Pradesh,2020,Nuclear,0.0,0.0,0.0,0.0,0.0
India,Andhra Pradesh,2020,Other Fossil,0.0,0.0,36.8,0.0,0.0
India,Andhra Pradesh,2020,Other Renewables,38.27,0.06,0.0,1.45,0.0
India,Andhra Pradesh,2020,Solar,6566.31,10.17,3844.17,315.18,0.82
India,Andhra Pradesh,2020,Wind,6381.84,9.89,4092.45,70.2,0.18
India,Andhra Pradesh,2021,Bioenergy,183.93,0.24,551.04,42.3,0.09
India,Andhra Pradesh,2021,Coal,53958.91,71.62,11590.0,44246.31,96.12
India,Andhra Pradesh,2021,Gas,2450.25,3.25,4898.54,1200.62,2.61
India,Andhra Pradesh,2021,Hydro,3630.57,4.82,1772.11,87.13,0.19
India,Andhra Pradesh,2021,Nuclear,0.0,0.0,0.0,0.0,0.0
India,Andhra Pradesh,2021,Other Fossil,0.0,0.0,36.8,0.0,0.0
India,Andhra Pradesh,2021,Other Renewables,107.7,0.14,0.0,4.09,0.01
India,Andhra Pradesh,2021,Solar,7764.92,10.31,4383.58,372.72,0.81
India,Andhra Pradesh,2021,Wind,7243.53,9.61,4096.65,79.68,0.17
India,Arunachal Pradesh,2019,Bioenergy,0.0,0.0,0.0,0.0,0.0
India,Arunachal Pradesh,2019,Coal,0.0,0.0,0.0,0.0,0.0
India,Arunachal Pradesh,2019,Gas,0.0,0.0,0.0,0.0,0.0
India,Arunachal Pradesh,2019,Hydro,1648.44,99.91,646.1,39.56,99.83
India,Arunachal Pradesh,2019,Nuclear,0.0,0.0,0.0,0.0,0.0
India,Arunachal Pradesh,2019,Other Fossil,0.0,0.0,0.0,0.0,0.0
India,Arunachal Pradesh,2019,Other Renewables,0.0,0.0,0.0,0.0,0.0
India,Arunachal Pradesh,2019,Solar,1.41,0.09,5.61,0.07,0.17
India,Arunachal Pradesh,2019,Wind,0.0,0.0,0.0,0.0,0.0
India,Arunachal Pradesh,2020,Bioenergy,0.0,0.0,0.0,0.0,0.0
India,Arunachal Pradesh,2020,Coal,0.0,0.0,0.0,0.0,0.0
India,Arunachal Pradesh,2020,Gas,0.0,0.0,0.0,0.0,0.0
India,Arunachal Pradesh,2020,Hydro,3198.96,99.95,946.1,76.78,99.9
India,Arunachal Pradesh,2020,Nuclear,0.0,0.0,0.0,0.0,0.0
India,Arunachal Pradesh,2020,Other Fossil,0.0,0.0,0.0,0.0,0.0
India,Arunachal Pradesh,2020,Other Renewables,0.0,0.0,0.0,0.0,0.0
India,Arunachal Pradesh,2020,Solar,1.64,0.05,5.61,0.08,0.1
India,Arunachal Pradesh,2020,Wind,0.0,0.0,0.0,0.0,0.0
India,Arunachal Pradesh,2021,Bioenergy,0.0,0.0,0.0,0.0,0.0
India,Arunachal Pradesh,2021,Coal,0.0,0.0,0.0,0.0,0.0
India,Arunachal Pradesh,2021,Gas,0.0,0.0,0.0,0.0,0.0
India,Arunachal Pradesh,2021,Hydro,4062.6,99.96,1246.11,97.5,99.92
India,Arunachal Pradesh,2021,Nuclear,0.0,0.0,0.0,0.0,0.0
India,Arunachal Pradesh,2021,Other Fossil,0.0,0.0,0.0,0.0,0.0
India,Arunachal Pradesh,2021,Other Renewables,0.0,0.0,0.0,0.0,0.0
India,Arunachal Pradesh,2021,Solar,1.71,0.04,11.23,0.08,0.08
India,Arunachal Pradesh,2021,Wind,0.0,0.0,0.0,0.0,0.0
India,Assam,2019,Bioenergy,0.0,0.0,2.0,0.0,0.0
India,Assam,2019,Coal,3653.01,45.93,750.0,2995.47,67.7
India,Assam,2019,Gas,2845.15,35.77,619.21,1394.12,31.51
India,Assam,2019,Hydro,1449.59,18.22,384.11,34.79,0.79
India,Assam,2019,Nuclear,0.0,0.0,0.0,0.0,0.0
India,Assam,2019,Other Fossil,0.0,0.0,0.0,0.0,0.0
India,Assam,2019,Other Renewables,0.0,0.0,0.0,0.0,0.0
India,Assam,2019,Solar,6.38,0.08,41.23,0.31,0.01
India,Assam,2019,Wind,0.0,0.0,0.0,0.0,0.0
India,Assam,2020,Bioenergy,0.0,0.0,2.0,0.0,0.0
India,Assam,2020,Coal,3131.0,51.88,750.0,2567.42,66.63
India,Assam,2020,Gas,2609.37,43.24,620.35,1278.59,33.18
India,Assam,2020,Hydro,288.98,4.79,384.11,6.94,0.18
India,Assam,2020,Nuclear,0.0,0.0,0.0,0.0,0.0
India,Assam,2020,Other Fossil,0.0,0.0,0.0,0.0,0.0
India,Assam,2020,Other Renewables,0.0,0.0,0.0,0.0,0.0
India,Assam,2020,Solar,5.71,0.09,42.99,0.27,0.01
India,Assam,2020,Wind,0.0,0.0,0.0,0.0,0.0
India,Assam,2021,Bioenergy,0.0,0.0,2.0,0.0,0.0
India,Assam,2021,Coal,3976.42,49.38,750.0,3260.66,66.76
India,Assam,2021,Gas,3270.27,40.61,620.35,1602.43,32.81
India,Assam,2021,Hydro,743.37,9.23,384.11,17.84,0.37
India,Assam,2021,Nuclear,0.0,0.0,0.0,0.0,0.0
India,Assam,2021,Other Fossil,0.0,0.0,0.0,0.0,0.0
India,Assam,2021,Other Renewables,0.0,0.0,0.0,0.0,0.0
India,Assam,2021,Solar,62.04,0.77,68.57,2.98,0.06
India,Assam,2021,Wind,0.0,0.0,0.0,0.0,0.0
India,Bihar,2019,Bioenergy,268.48,0.76,121.2,61.75,0.21
India,Bihar,2019,Coal,34992.35,98.7,6390.0,28693.73,99.75
India,Bihar,2019,Gas,0.0,0.0,0.0,0.0,0.0
India,Bihar,2019,Hydro,17.55,0.05,70.7,0.42,0.0
India,Bihar,2019,Nuclear,0.0,0.0,0.0,0.0,0.0
India,Bihar,2019,Other Fossil,0.0,0.0,0.0,0.0,0.0
India,Bihar,2019,Other Renewables,0.0,0.0,0.0,0.0,0.0
India,Bihar,2019,Solar,173.59,0.49,149.35,8.33,0.03
India,Bihar,2019,Wind,0.0,0.0,0.0,0.0,0.0
India,Bihar,2020,Bioenergy,109.74,0.33,124.7,25.24,0.09
India,Bihar,2020,Coal,32460.22,99.02,6390.0,26617.38,99.87
India,Bihar,2020,Gas,0.0,0.0,0.0,0.0,0.0
India,Bihar,2020,Hydro,44.01,0.13,70.7,1.06,0.0
India,Bihar,2020,Nuclear,0.0,0.0,0.0,0.0,0.0
India,Bihar,2020,Other Fossil,0.0,0.0,0.0,0.0,0.0
India,Bihar,2020,Other Renewables,0.0,0.0,0.0,0.0,0.0
India,Bihar,2020,Solar,166.71,0.51,157.41,8.0,0.03
India,Bihar,2020,Wind,0.0,0.0,0.0,0.0,0.0
India,Bihar,2021,Bioenergy,31.07,0.08,125.7,7.15,0.02
India,Bihar,2021,Coal,41197.35,99.54,7960.0,33781.83,99.96
India,Bihar,2021,Gas,0.0,0.0,0.0,0.0,0.0
India,Bihar,2021,Hydro,4.51,0.01,70.7,0.11,0.0
India,Bihar,2021,Nuclear,0.0,0.0,0.0,0.0,0.0
India,Bihar,2021,Other Fossil,0.0,0.0,0.0,0.0,0.0
India,Bihar,2021,Other Renewables,0.0,0.0,0.0,0.0,0.0
India,Bihar,2021,Solar,153.43,0.37,190.57,7.36,0.02
India,Bihar,2021,Wind,0.0,0.0,0.0,0.0,0.0
India,Chandigarh,2019,Bioenergy,0.0,0.0,0.0,0.0,0.0
India,Chandigarh,2019,Coal,0.0,0.0,0.0,0.0,0.0
India,Chandigarh,2019,Gas,0.0,0.0,0.0,0.0,0.0
India,Chandigarh,2019,Hydro,0.0,0.0,0.0,0.0,0.0
India,Chandigarh,2019,Nuclear,0.0,0.0,0.0,0.0,0.0
India,Chandigarh,2019,Other Fossil,0.0,0.0,0.0,0.0,0.0
India,Chandigarh,2019,Other Renewables,0.0,0.0,0.0,0.0,0.0
India,Chandigarh,2019,Solar,11.99,100.0,36.99,0.58,100.0
India,Chandigarh,2019,Wind,0.0,0.0,0.0,0.0,0.0
India,Chandigarh,2020,Bioenergy,0.0,0.0,0.0,0.0,0.0
India,Chandigarh,2020,Coal,0.0,0.0,0.0,0.0,0.0
India,Chandigarh,2020,Gas,0.0,0.0,0.0,0.0,0.0
India,Chandigarh,2020,Hydro,0.0,0.0,0.0,0.0,0.0
India,Chandigarh,2020,Nuclear,0.0,0.0,0.0,0.0,0.0
India,Chandigarh,2020,Other Fossil,0.0,0.0,0.0,0.0,0.0
India,Chandigarh,2020,Other Renewables,0.0,0.0,0.0,0.0,0.0
India,Chandigarh,2020,Solar,9.86,100.0,45.16,0.47,100.0
India,Chandigarh,2020,Wind,0.0,0.0,0.0,0.0,0.0
India,Chandigarh,2021,Bioenergy,0.0,0.0,0.0,0.0,0.0
India,Chandigarh,2021,Coal,0.0,0.0,0.0,0.0,0.0
India,Chandigarh,2021,Gas,0.0,0.0,0.0,0.0,0.0
India,Chandigarh,2021,Hydro,0.0,0.0,0.0,0.0,0.0
India,Chandigarh,2021,Nuclear,0.0,0.0,0.0,0.0,0.0
India,Chandigarh,2021,Other Fossil,0.0,0.0,0.0,0.0,0.0
India,Chandigarh,2021,Other Renewables,0.0,0.0,0.0,0.0,0.0
India,Chandigarh,2021,Solar,14.81,100.0,53.45,0.71,100.0
India,Chandigarh,2021,Wind,0.0,0.0,0.0,0.0,0.0
India,Chhattisgarh,2019,Bioenergy,585.72,0.51,230.5,134.72,0.14
India,Chhattisgarh,2019,Coal,113634.97,98.94,23128.0,93180.67,99.83
India,Chhattisgarh,2019,Gas,0.0,0.0,0.0,0.0,0.0
India,Chhattisgarh,2019,Hydro,310.85,0.27,196.0,7.46,0.01
India,Chhattisgarh,2019,Nuclear,0.0,0.0,0.0,0.0,0.0
India,Chhattisgarh,2019,Other Fossil,0.0,0.0,0.0,0.0,0.0
India,Chhattisgarh,2019,Other Renewables,0.0,0.0,0.0,0.0,0.0
India,Chhattisgarh,2019,Solar,325.52,0.28,231.35,15.63,0.02
India,Chhattisgarh,2019,Wind,0.0,0.0,0.0,0.0,0.0
India,Chhattisgarh,2020,Bioenergy,934.16,0.71,244.9,214.86,0.2
India,Chhattisgarh,2020,Coal,130680.88,98.62,23928.0,107158.32,99.77
India,Chhattisgarh,2020,Gas,0.0,0.0,0.0,0.0,0.0
India,Chhattisgarh,2020,Hydro,528.33,0.4,196.0,12.68,0.01
India,Chhattisgarh,2020,Nuclear,0.0,0.0,0.0,0.0,0.0
India,Chhattisgarh,2020,Other Fossil,0.0,0.0,0.0,0.0,0.0
India,Chhattisgarh,2020,Other Renewables,0.0,0.0,0.0,0.0,0.0
India,Chhattisgarh,2020,Solar,360.87,0.27,240.0,17.32,0.02
India,Chhattisgarh,2020,Wind,0.0,0.0,0.0,0.0,0.0
India,Chhattisgarh,2021,Bioenergy,1326.13,0.94,275.0,305.01,0.27
India,Chhattisgarh,2021,Coal,139148.95,98.35,23688.0,114102.14,99.7
India,Chhattisgarh,2021,Gas,0.0,0.0,0.0,0.0,0.0
India,Chhattisgarh,2021,Hydro,596.21,0.42,196.0,14.31,0.01
India,Chhattisgarh,2021,Nuclear,0.0,0.0,0.0,0.0,0.0
India,Chhattisgarh,2021,Other Fossil,0.0,0.0,0.0,0.0,0.0
India,Chhattisgarh,2021,Other Renewables,0.0,0.0,0.0,0.0,0.0
India,Chhattisgarh,2021,Solar,409.98,0.29,506.87,19.68,0.02
India,Chhattisgarh,2021,Wind,0.0,0.0,0.0,0.0,0.0
India,Dadra and Nagar Haveli and Daman and Diu,2019,Bioenergy,0.0,0.0,0.0,0.0,0.0
India,Dadra and Nagar Haveli and Daman and Diu,2019,Coal,0.0,0.0,0.0,0.0,0.0
India,Dadra and Nagar Haveli and Daman and Diu,2019,Gas,0.0,0.0,0.0,0.0,0.0
India,Dadra and Nagar Haveli and Daman and Diu,2019,Hydro,0.0,0.0,0.0,0.0,0.0
India,Dadra and Nagar Haveli and Daman and Diu,2019,Nuclear,0.0,0.0,0.0,0.0,0.0
India,Dadra and Nagar Haveli and Daman and Diu,2019,Other Fossil,0.0,0.0,0.0,0.0,0.0
India,Dadra and Nagar Haveli and Daman and Diu,2019,Other Renewables,0.0,0.0,0.0,0.0,0.0
India,Dadra and Nagar Haveli and Daman and Diu,2019,Solar,27.68,100.0,22.02,1.33,100.0
India,Dadra and Nagar Haveli and Daman and Diu,2019,Wind,0.0,0.0,0.0,0.0,0.0
India,Dadra and Nagar Haveli and Daman and Diu,2020,Bioenergy,7.23,18.73,0.0,1.66,52.48
India,Dadra and Nagar Haveli and Daman and Diu,2020,Coal,0.0,0.0,0.0,0.0,0.0
India,Dadra and Nagar Haveli and Daman and Diu,2020,Gas,0.0,0.0,0.0,0.0,0.0
India,Dadra and Nagar Haveli and Daman and Diu,2020,Hydro,0.0,0.0,0.0,0.0,0.0
India,Dadra and Nagar Haveli and Daman and Diu,2020,Nuclear,0.0,0.0,0.0,0.0,0.0
India,Dadra and Nagar Haveli and Daman and Diu,2020,Other Fossil,0.0,0.0,0.0,0.0,0.0
India,Dadra and Nagar Haveli and Daman and Diu,2020,Other Renewables,0.0,0.0,0.0,0.0,0.0
India,Dadra and Nagar Haveli and Daman and Diu,2020,Solar,31.37,81.27,45.43,1.51,47.52
India,Dadra and Nagar Haveli and Daman and Diu,2020,Wind,0.0,0.0,0.0,0.0,0.0
India,Dadra and Nagar Haveli and Daman and Diu,2021,Bioenergy,12.21,13.46,0.0,2.81,42.69
India,Dadra and Nagar Haveli and Daman and Diu,2021,Coal,0.0,0.0,0.0,0.0,0.0
India,Dadra and Nagar Haveli and Daman and Diu,2021,Gas,0.0,0.0,0.0,0.0,0.0
India,Dadra and Nagar Haveli and Daman and Diu,2021,Hydro,0.0,0.0,0.0,0.0,0.0
India,Dadra and Nagar Haveli and Daman and Diu,2021,Nuclear,0.0,0.0,0.0,0.0,0.0
India,Dadra and Nagar Haveli and Daman and Diu,2021,Other Fossil,0.0,0.0,0.0,0.0,0.0
India,Dadra and Nagar Haveli and Daman and Diu,2021,Other Renewables,0.0,0.0,0.0,0.0,0.0
India,Dadra and Nagar Haveli and Daman and Diu,2021,Solar,78.53,86.54,46.18,3.77,57.31
India,Dadra and Nagar Haveli and Daman and Diu,2021,Wind,0.0,0.0,0.0,0.0,0.0
India,Delhi,2019,Bioenergy,0.0,0.0,52.0,0.0,0.0
India,Delhi,2019,Coal,0.0,0.0,0.0,0.0,0.0
India,Delhi,2019,Gas,5680.24,93.39,2208.4,2783.32,99.41
India,Delhi,2019,Hydro,0.0,0.0,0.0,0.0,0.0
India,Delhi,2019,Nuclear,0.0,0.0,0.0,0.0,0.0
India,Delhi,2019,Other Fossil,0.0,0.0,0.0,0.0,0.0
India,Delhi,2019,Other Renewables,291.11,4.79,0.0,11.06,0.4
India,Delhi,2019,Solar,111.19,1.83,156.12,5.34,0.19
India,Delhi,2019,Wind,0.0,0.0,0.0,0.0,0.0
India,Delhi,2020,Bioenergy,0.0,0.0,52.0,0.0,0.0
India,Delhi,2020,Coal,0.0,0.0,0.0,0.0,0.0
India,Delhi,2020,Gas,5391.43,92.81,2208.4,2641.8,99.34
India,Delhi,2020,Hydro,0.0,0.0,0.0,0.0,0.0
India,Delhi,2020,Nuclear,0.0,0.0,0.0,0.0,0.0
India,Delhi,2020,Other Fossil,0.0,0.0,0.0,0.0,0.0
India,Delhi,2020,Other Renewables,240.17,4.13,0.0,9.13,0.34
India,Delhi,2020,Solar,177.5,3.06,176.46,8.52,0.32
India,Delhi,2020,Wind,0.0,0.0,0.0,0.0,0.0
India,Delhi,2021,Bioenergy,0.0,0.0,52.0,0.0,0.0
India,Delhi,2021,Coal,0.0,0.0,0.0,0.0,0.0
India,Delhi,2021,Gas,5110.29,92.06,2208.4,2504.04,99.26
India,Delhi,2021,Hydro,0.0,0.0,0.0,0.0,0.0
India,Delhi,2021,Nuclear,0.0,0.0,0.0,0.0,0.0
India,Delhi,2021,Other Fossil,0.0,0.0,0.0,0.0,0.0
India,Delhi,2021,Other Renewables,235.66,4.25,0.0,8.96,0.35
India,Delhi,2021,Solar,204.83,3.69,211.12,9.83,0.39
India,Delhi,2021,Wind,0.0,0.0,0.0,0.0,0.0
India,Goa,2019,Bioenergy,0.0,0.0,0.34,0.0,0.0
India,Goa,2019,Coal,0.0,0.0,0.0,0.0,0.0
India,Goa,2019,Gas,0.0,0.0,48.0,0.0,0.0
India,Goa,2019,Hydro,0.0,0.0,0.05,0.0,0.0
India,Goa,2019,Nuclear,0.0,0.0,0.0,0.0,0.0
India,Goa,2019,Other Fossil,0.0,0.0,0.0,0.0,0.0
India,Goa,2019,Other Renewables,0.0,0.0,0.0,0.0,0.0
India,Goa,2019,Solar,0.4,100.0,4.78,0.02,100.0
India,Goa,2019,Wind,0.0,0.0,0.0,0.0,0.0
India,Goa,2020,Bioenergy,0.0,0.0,0.34,0.0,0.0
India,Goa,2020,Coal,0.0,0.0,0.0,0.0,0.0
India,Goa,2020,Gas,0.0,0.0,48.0,0.0,0.0
India,Goa,2020,Hydro,0.0,0.0,0.05,0.0,0.0
India,Goa,2020,Nuclear,0.0,0.0,0.0,0.0,0.0
India,Goa,2020,Other Fossil,0.0,0.0,0.0,0.0,0.0
India,Goa,2020,Other Renewables,0.0,0.0,0.0,0.0,0.0
India,Goa,2020,Solar,1.48,100.0,4.78,0.07,100.0
India,Goa,2020,Wind,0.0,0.0,0.0,0.0,0.0
India,Goa,2021,Bioenergy,0.0,0.0,0.34,0.0,0.0
India,Goa,2021,Coal,0.0,0.0,0.0,0.0,0.0
India,Goa,2021,Gas,0.0,0.0,48.0,0.0,0.0
India,Goa,2021,Hydro,0.0,0.0,0.05,0.0,0.0
India,Goa,2021,Nuclear,0.0,0.0,0.0,0.0,0.0
India,Goa,2021,Other Fossil,0.0,0.0,0.0,0.0,0.0
India,Goa,2021,Other Renewables,0.01,0.39,0.0,0.0,0.31
India,Goa,2021,Solar,2.58,99.61,18.75,0.12,99.69
India,Goa,2021,Wind,0.0,0.0,0.0,0.0,0.0
India,Gujarat,2019,Bioenergy,106.22,0.09,77.3,24.43,0.03
India,Gujarat,2019,Coal,86999.38,70.37,16232.0,71339.49,91.43
India,Gujarat,2019,Gas,12678.61,10.25,7551.41,6212.52,7.96
India,Gujarat,2019,Hydro,4640.31,3.75,2052.35,111.37,0.14
India,Gujarat,2019,Nuclear,2963.97,2.4,440.0,35.57,0.05
India,Gujarat,2019,Other Fossil,0.0,0.0,0.0,0.0,0.0
India,Gujarat,2019,Other Renewables,16.08,0.01,0.0,0.61,0.0
India,Gujarat,2019,Solar,3279.5,2.65,2763.55,157.42,0.2
India,Gujarat,2019,Wind,12950.67,10.47,7359.22,142.46,0.18
India,Gujarat,2020,Bioenergy,98.0,0.08,77.3,22.54,0.03
India,Gujarat,2020,Coal,76653.3,62.58,16232.0,62855.7,86.02
India,Gujarat,2020,Gas,19761.78,16.13,7551.41,9683.27,13.25
India,Gujarat,2020,Hydro,4729.88,3.86,2068.94,113.52,0.16
India,Gujarat,2020,Nuclear,3687.04,3.01,440.0,44.24,0.06
India,Gujarat,2020,Other Fossil,0.0,0.0,0.0,0.0,0.0
India,Gujarat,2020,Other Renewables,13.3,0.01,0.0,0.51,0.0
India,Gujarat,2020,Solar,4334.31,3.54,3918.48,208.05,0.28
India,Gujarat,2020,Wind,13219.62,10.79,8192.52,145.42,0.2
India,Gujarat,2021,Bioenergy,20.13,0.02,107.38,4.63,0.01
India,Gujarat,2021,Coal,58424.78,59.88,16092.0,47908.32,90.44
India,Gujarat,2021,Gas,9090.93,9.32,7551.41,4454.56,8.41
India,Gujarat,2021,Hydro,3244.55,3.33,2074.89,77.87,0.15
India,Gujarat,2021,Nuclear,3497.96,3.59,440.0,41.98,0.08
India,Gujarat,2021,Other Fossil,0.0,0.0,0.0,0.0,0.0
India,Gujarat,2021,Other Renewables,0.0,0.0,0.0,0.0,0.0
India,Gujarat,2021,Solar,6118.49,6.27,6233.88,293.69,0.55
India,Gujarat,2021,Wind,17167.59,17.6,8992.42,188.84,0.36
India,Haryana,2019,Bioenergy,281.04,1.4,205.66,64.64,0.41
India,Haryana,2019,Coal,18731.88,93.23,5540.0,15360.14,97.49
India,Haryana,2019,Gas,648.21,3.23,431.59,317.62,2.02
India,Haryana,2019,Hydro,316.88,1.58,73.5,7.61,0.05
India,Haryana,2019,Nuclear,0.0,0.0,0.0,0.0,0.0
India,Haryana,2019,Other Fossil,0.0,0.0,0.0,0.0,0.0
India,Haryana,2019,Other Renewables,0.0,0.0,0.0,0.0,0.0
India,Haryana,2019,Solar,115.03,0.57,249.27,5.52,0.04
India,Haryana,2019,Wind,0.0,0.0,0.0,0.0,0.0
India,Haryana,2020,Bioenergy,299.71,2.25,211.86,68.93,0.68
India,Haryana,2020,Coal,11775.12,88.22,5330.0,9655.6,95.1
India,Haryana,2020,Gas,848.55,6.36,431.59,415.79,4.1
India,Haryana,2020,Hydro,330.54,2.48,73.5,7.93,0.08
India,Haryana,2020,Nuclear,0.0,0.0,0.0,0.0,0.0
India,Haryana,2020,Other Fossil,0.0,0.0,0.0,0.0,0.0
India,Haryana,2020,Other Renewables,0.0,0.0,0.0,0.0,0.0
India,Haryana,2020,Solar,93.51,0.7,262.42,4.49,0.04
India,Haryana,2020,Wind,0.0,0.0,0.0,0.0,0.0
India,Haryana,2021,Bioenergy,265.89,1.14,226.0,61.15,0.33
India,Haryana,2021,Coal,21944.8,94.19,5330.0,17994.74,98.55
India,Haryana,2021,Gas,355.25,1.52,431.59,174.07,0.95
India,Haryana,2021,Hydro,229.27,0.98,73.5,5.5,0.03
India,Haryana,2021,Nuclear,0.0,0.0,0.0,0.0,0.0
India,Haryana,2021,Other Fossil,0.0,0.0,0.0,0.0,0.0
India,Haryana,2021,Other Renewables,13.25,0.06,0.0,0.5,0.0
India,Haryana,2021,Solar,490.01,2.1,787.38,23.52,0.13
India,Haryana,2021,Wind,0.0,0.0,0.0,0.0,0.0
India,Himachal Pradesh,2019,Bioenergy,0.0,0.0,7.2,0.0,0.0
India,Himachal Pradesh,2019,Coal,0.0,0.0,0.0,0.0,0.0
India,Himachal Pradesh,2019,Gas,0.0,0.0,0.0,0.0,0.0
India,Himachal Pradesh,2019,Hydro,42912.81,99.99,10715.53,1029.91,99.98
India,Himachal Pradesh,2019,Nuclear,0.0,0.0,0.0,0.0,0.0
India,Himachal Pradesh,2019,Other Fossil,0.0,0.0,0.0,0.0,0.0
India,Himachal Pradesh,2019,Other Renewables,0.0,0.0,0.0,0.0,0.0
India,Himachal Pradesh,2019,Solar,4.84,0.01,32.57,0.23,0.02
India,Himachal Pradesh,2019,Wind,0.0,0.0,0.0,0.0,0.0
India,Himachal Pradesh,2020,Bioenergy,0.0,0.0,9.2,0.0,0.0
India,Himachal Pradesh,2020,Coal,0.0,0.0,0.0,0.0,0.0
India,Himachal Pradesh,2020,Gas,0.0,0.0,0.0,0.0,0.0
India,Himachal Pradesh,2020,Hydro,40698.59,99.92,10720.53,976.77,99.83
India,Himachal Pradesh,2020,Nuclear,0.0,0.0,0.0,0.0,0.0
India,Himachal Pradesh,2020,Other Fossil,0.0,0.0,0.0,0.0,0.0
India,Himachal Pradesh,2020,Other Renewables,0.0,0.0,0.0,0.0,0.0
India,Himachal Pradesh,2020,Solar,34.59,0.08,42.73,1.66,0.17
India,Himachal Pradesh,2020,Wind,0.0,0.0,0.0,0.0,0.0
India,Himachal Pradesh,2021,Bioenergy,0.0,0.0,10.2,0.0,0.0
India,Himachal Pradesh,2021,Coal,0.0,0.0,0.0,0.0,0.0
India,Himachal Pradesh,2021,Gas,0.0,0.0,0.0,0.0,0.0
India,Himachal Pradesh,2021,Hydro,37677.18,99.89,11016.73,904.25,99.77
India,Himachal Pradesh,2021,Nuclear,0.0,0.0,0.0,0.0,0.0
India,Himachal Pradesh,2021,Other Fossil,0.0,0.0,0.0,0.0,0.0
India,Himachal Pradesh,2021,Other Renewables,0.0,0.0,0.0,0.0,0.0
India,Himachal Pradesh,2021,Solar,42.54,0.11,65.6,2.04,0.23
India,Himachal Pradesh,2021,Wind,0.0,0.0,0.0,0.0,0.0
India,India Total,2019,Bioenergy,14746.76,1.06,10003.45,3391.75,0.4
India,India Total,2019,Coal,998835.25,71.5,205114.58,819044.91,95.93
India,India Total,2019,Gas,47980.39,3.43,25075.86,23510.39,2.75
India,India Total,2019,Hydro,180224.72,12.9,53700.25,4325.39,0.51
India,India Total,2019,Nuclear,45162.88,3.23,6780.0,541.95,0.06
India,India Total,2019,Other Fossil,103.5,0.01,637.63,72.45,0.01
India,India Total,2019,Other Renewables,382.98,0.03,0.0,14.55,0.0
India,India Total,2019,Solar,46267.67,3.31,33794.87,2220.85,0.26
India,India Total,2019,Wind,63314.29,4.53,37505.18,696.46,0.08
India,India Total,2020,Bioenergy,14495.97,1.06,10314.56,3334.07,0.41
India,India Total,2020,Coal,947534.06,69.61,206112.5,776977.93,95.41
India,India Total,2020,Gas,52170.75,3.83,25077.01,25563.67,3.14
India,India Total,2020,Hydro,181870.7,13.36,54183.65,4364.9,0.54
India,India Total,2020,Nuclear,44613.11,3.28,6780.0,535.36,0.07
India,India Total,2020,Other Fossil,128.55,0.01,509.71,89.99,0.01
India,India Total,2020,Other Renewables,1210.94,0.09,0.0,46.02,0.01
India,India Total,2020,Solar,58688.87,4.31,37530.38,2817.07,0.35
India,India Total,2020,Wind,60427.42,4.44,38624.15,664.7,0.08
India,India Total,2021,Bioenergy,15331.8,1.04,10609.72,3526.31,0.39
India,India Total,2021,Coal,1072844.75,72.57,209809.5,879732.7,96.54
India,India Total,2021,Gas,39379.9,2.66,24869.51,19296.15,2.12
India,India Total,2021,Hydro,168145.55,11.37,51347.84,4035.49,0.44
India,India Total,2021,Nuclear,43917.93,2.97,6780.0,527.02,0.06
India,India Total,2021,Other Fossil,100.93,0.01,509.71,70.65,0.01
India,India Total,2021,Other Renewables,2160.78,0.15,0.0,82.11,0.01
India,India Total,2021,Solar,68311.65,4.62,49430.11,3278.96,0.36
India,India Total,2021,Wind,68094.26,4.61,40067.27,749.04,0.08
India,Jammu and Kashmir,2019,Bioenergy,0.0,0.0,0.0,0.0,0.0
India,Jammu and Kashmir,2019,Coal,0.0,0.0,0.0,0.0,0.0
India,Jammu and Kashmir,2019,Gas,0.0,0.0,175.0,0.0,0.0
India,Jammu and Kashmir,2019,Hydro,18508.58,100.0,3629.48,444.21,100.0
India,Jammu and Kashmir,2019,Nuclear,0.0,0.0,0.0,0.0,0.0
India,Jammu and Kashmir,2019,Other Fossil,0.0,0.0,0.0,0.0,0.0
India,Jammu and Kashmir,2019,Other Renewables,0.0,0.0,0.0,0.0,0.0
India,Jammu and Kashmir,2019,Solar,0.0,0.0,19.3,0.0,0.0
India,Jammu and Kashmir,2019,Wind,0.0,0.0,0.0,0.0,0.0
India,Jammu and Kashmir,2020,Bioenergy,0.0,0.0,0.0,0.0,0.0
India,Jammu and Kashmir,2020,Coal,0.0,0.0,0.0,0.0,0.0
India,Jammu and Kashmir,2020,Gas,0.0,0.0,175.0,0.0,0.0
India,Jammu and Kashmir,2020,Hydro,18505.9,99.97,3634.98,444.14,99.94
India,Jammu and Kashmir,2020,Nuclear,0.0,0.0,0.0,0.0,0.0
India,Jammu and Kashmir,2020,Other Fossil,0.0,0.0,0.0,0.0,0.0
India,Jammu and Kashmir,2020,Other Renewables,0.0,0.0,0.0,0.0,0.0
India,Jammu and Kashmir,2020,Solar,5.36,0.03,20.73,0.26,0.06
India,Jammu and Kashmir,2020,Wind,0.0,0.0,0.0,0.0,0.0
India,Jammu and Kashmir,2021,Bioenergy,0.0,0.0,0.0,0.0,0.0
India,Jammu and Kashmir,2021,Coal,0.0,0.0,0.0,0.0,0.0
India,Jammu and Kashmir,2021,Gas,0.0,0.0,175.0,0.0,0.0
India,Jammu and Kashmir,2021,Hydro,17454.67,99.97,3504.68,418.91,99.93
India,Jammu and Kashmir,2021,Nuclear,0.0,0.0,0.0,0.0,0.0
India,Jammu and Kashmir,2021,Other Fossil,0.0,0.0,0.0,0.0,0.0
India,Jammu and Kashmir,2021,Other Renewables,0.0,0.0,0.0,0.0,0.0
India,Jammu and Kashmir,2021,Solar,5.76,0.03,46.87,0.28,0.07
India,Jammu and Kashmir,2021,Wind,0.0,0.0,0.0,0.0,0.0
India,Jharkhand,2019,Bioenergy,0.0,0.0,4.3,0.0,0.0
India,Jharkhand,2019,Coal,26205.59,99.45,4590.0,21488.58,99.98
India,Jharkhand,2019,Gas,0.0,0.0,0.0,0.0,0.0
India,Jharkhand,2019,Hydro,128.54,0.49,214.05,3.08,0.01
India,Jharkhand,2019,Nuclear,0.0,0.0,0.0,0.0,0.0
India,Jharkhand,2019,Other Fossil,0.0,0.0,0.0,0.0,0.0
India,Jharkhand,2019,Other Renewables,0.0,0.0,0.0,0.0,0.0
India,Jharkhand,2019,Solar,17.43,0.07,38.4,0.84,0.0
India,Jharkhand,2019,Wind,0.0,0.0,0.0,0.0,0.0
India,Jharkhand,2020,Bioenergy,0.0,0.0,4.3,0.0,0.0
India,Jharkhand,2020,Coal,26666.84,99.06,4460.0,21866.81,99.97
India,Jharkhand,2020,Gas,0.0,0.0,0.0,0.0,0.0
India,Jharkhand,2020,Hydro,234.23,0.87,214.05,5.62,0.03
India,Jharkhand,2020,Nuclear,0.0,0.0,0.0,0.0,0.0
India,Jharkhand,2020,Other Fossil,0.0,0.0,0.0,0.0,0.0
India,Jharkhand,2020,Other Renewables,0.0,0.0,0.0,0.0,0.0
India,Jharkhand,2020,Solar,17.62,0.07,39.06,0.85,0.0
India,Jharkhand,2020,Wind,0.0,0.0,0.0,0.0,0.0
India,Jharkhand,2021,Bioenergy,0.0,0.0,4.3,0.0,0.0
India,Jharkhand,2021,Coal,27998.99,98.09,4250.0,22959.17,99.94
India,Jharkhand,2021,Gas,0.0,0.0,0.0,0.0,0.0
India,Jharkhand,2021,Hydro,528.27,1.85,214.05,12.68,0.06
India,Jharkhand,2021,Nuclear,0.0,0.0,0.0,0.0,0.0
India,Jharkhand,2021,Other Fossil,0.0,0.0,0.0,0.0,0.0
India,Jharkhand,2021,Other Renewables,0.0,0.0,0.0,0.0,0.0
India,Jharkhand,2021,Solar,17.88,0.06,88.08,0.86,0.0
India,Jharkhand,2021,Wind,0.0,0.0,0.0,0.0,0.0
India,Karnataka,2019,Bioenergy,2504.98,3.62,1882.8,576.15,2.67
India,Karnataka,2019,Coal,24373.82,35.26,9352.08,19986.53,92.56
India,Karnataka,2019,Gas,0.0,0.0,0.0,0.0,0.0
India,Karnataka,2019,Hydro,15261.32,22.08,4924.93,366.27,1.7
India,Karnataka,2019,Nuclear,7049.89,10.2,880.0,84.6,0.39
India,Karnataka,2019,Other Fossil,0.0,0.0,153.12,0.0,0.0
India,Karnataka,2019,Other Renewables,0.0,0.0,0.0,0.0,0.0
India,Karnataka,2019,Solar,9737.81,14.09,7274.93,467.41,2.16
India,Karnataka,2019,Wind,10199.37,14.75,4753.4,112.19,0.52
India,Karnataka,2020,Bioenergy,2850.67,4.25,1888.3,655.65,3.88
India,Karnataka,2020,Coal,18297.62,27.26,9480.0,15004.05,88.87
India,Karnataka,2020,Gas,0.0,0.0,0.0,0.0,0.0
India,Karnataka,2020,Hydro,15902.09,23.69,4924.93,381.65,2.26
India,Karnataka,2020,Nuclear,7097.87,10.58,880.0,85.17,0.5
India,Karnataka,2020,Other Fossil,0.0,0.0,25.2,0.0,0.0
India,Karnataka,2020,Other Renewables,0.0,0.0,0.0,0.0,0.0
India,Karnataka,2020,Solar,13599.81,20.26,7328.87,652.79,3.87
India,Karnataka,2020,Wind,9370.37,13.96,4868.8,103.07,0.61
India,Karnataka,2021,Bioenergy,3235.24,4.1,1902.15,744.11,2.77
India,Karnataka,2021,Coal,30400.93,38.56,9480.0,24928.76,92.83
India,Karnataka,2021,Gas,0.0,0.0,0.0,0.0,0.0
India,Karnataka,2021,Hydro,15240.49,19.33,4969.93,365.77,1.36
India,Karnataka,2021,Nuclear,7308.27,9.27,880.0,87.7,0.33
India,Karnataka,2021,Other Fossil,0.0,0.0,25.2,0.0,0.0
India,Karnataka,2021,Other Renewables,0.0,0.0,0.0,0.0,0.0
India,Karnataka,2021,Solar,12899.47,16.36,7524.31,619.17,2.31
India,Karnataka,2021,Wind,9763.68,12.38,5071.95,107.4,0.4
India,Kerala,2019,Bioenergy,11.04,0.17,0.72,2.54,1.52
India,Kerala,2019,Coal,0.0,0.0,0.0,0.0,0.0
India,Kerala,2019,Gas,0.81,0.01,533.58,0.4,0.24
India,Kerala,2019,Hydro,6072.24,95.62,2078.52,145.73,87.35
India,Kerala,2019,Nuclear,0.0,0.0,0.0,0.0,0.0
India,Kerala,2019,Other Fossil,14.88,0.23,159.96,10.42,6.24
India,Kerala,2019,Other Renewables,0.0,0.0,0.0,0.0,0.0
India,Kerala,2019,Solar,134.93,2.12,141.75,6.48,3.88
India,Kerala,2019,Wind,116.45,1.83,62.5,1.28,0.77
India,Kerala,2020,Bioenergy,34.55,0.49,2.27,7.95,4.33
India,Kerala,2020,Coal,0.0,0.0,0.0,0.0,0.0
India,Kerala,2020,Gas,0.66,0.01,533.58,0.32,0.18
India,Kerala,2020,Hydro,6699.57,94.26,2078.52,160.79,87.57
India,Kerala,2020,Nuclear,0.0,0.0,0.0,0.0,0.0
India,Kerala,2020,Other Fossil,2.33,0.03,159.96,1.63,0.89
India,Kerala,2020,Other Renewables,0.0,0.0,0.0,0.0,0.0
India,Kerala,2020,Solar,239.39,3.37,146.92,11.49,6.26
India,Kerala,2020,Wind,131.03,1.84,62.5,1.44,0.78
India,Kerala,2021,Bioenergy,47.8,0.45,2.5,10.99,3.37
India,Kerala,2021,Coal,0.0,0.0,0.0,0.0,0.0
India,Kerala,2021,Gas,100.75,0.94,533.58,49.37,15.14
India,Kerala,2021,Hydro,9999.44,93.36,2098.27,239.99,73.6
India,Kerala,2021,Nuclear,0.0,0.0,0.0,0.0,0.0
India,Kerala,2021,Other Fossil,5.5,0.05,159.96,3.85,1.18
India,Kerala,2021,Other Renewables,0.0,0.0,0.0,0.0,0.0
India,Kerala,2021,Solar,425.32,3.97,336.08,20.42,6.26
India,Kerala,2021,Wind,132.17,1.23,62.5,1.45,0.45
India,Ladakh,2021,Bioenergy,0.0,0.0,0.0,0.0,0.0
India,Ladakh,2021,Coal,0.0,0.0,0.0,0.0,0.0
India,Ladakh,2021,Gas,0.0,0.0,0.0,0.0,0.0
India,Ladakh,2021,Hydro,258.39,100.0,128.64,6.2,100.0
India,Ladakh,2021,Nuclear,0.0,0.0,0.0,0.0,0.0
India,Ladakh,2021,Other Fossil,0.0,0.0,0.0,0.0,0.0
India,Ladakh,2021,Other Renewables,0.0,0.0,0.0,0.0,0.0
India,Ladakh,2021,Solar,0.0,0.0,7.8,0.0,0.0
India,Ladakh,2021,Wind,0.0,0.0,0.0,0.0,0.0
India,Lakshadweep,2019,Bioenergy,0.0,0.0,0.0,0.0,0.0
India,Lakshadweep,2019,Coal,0.0,0.0,0.0,0.0,0.0
India,Lakshadweep,2019,Gas,0.0,0.0,0.0,0.0,0.0
India,Lakshadweep,2019,Hydro,0.0,0.0,0.0,0.0,0.0
India,Lakshadweep,2019,Nuclear,0.0,0.0,0.0,0.0,0.0
India,Lakshadweep,2019,Other Fossil,0.0,0.0,0.0,0.0,0.0
India,Lakshadweep,2019,Other Renewables,0.0,0.0,0.0,0.0,0.0
India,Lakshadweep,2019,Solar,0.65,100.0,0.75,0.03,100.0
India,Lakshadweep,2019,Wind,0.0,0.0,0.0,0.0,0.0
India,Lakshadweep,2020,Bioenergy,0.0,0.0,0.0,0.0,0.0
India,Lakshadweep,2020,Coal,0.0,0.0,0.0,0.0,0.0
India,Lakshadweep,2020,Gas,0.0,0.0,0.0,0.0,0.0
India,Lakshadweep,2020,Hydro,0.0,0.0,0.0,0.0,0.0
India,Lakshadweep,2020,Nuclear,0.0,0.0,0.0,0.0,0.0
India,Lakshadweep,2020,Other Fossil,0.0,0.0,0.0,0.0,0.0
India,Lakshadweep,2020,Other Renewables,0.0,0.0,0.0,0.0,0.0
India,Lakshadweep,2020,Solar,0.55,100.0,0.75,0.03,100.0
India,Lakshadweep,2020,Wind,0.0,0.0,0.0,0.0,0.0
India,Lakshadweep,2021,Bioenergy,0.0,0.0,0.0,0.0,0.0
India,Lakshadweep,2021,Coal,0.0,0.0,0.0,0.0,0.0
India,Lakshadweep,2021,Gas,0.0,0.0,0.0,0.0,0.0
India,Lakshadweep,2021,Hydro,0.0,0.0,0.0,0.0,0.0
India,Lakshadweep,2021,Nuclear,0.0,0.0,0.0,0.0,0.0
India,Lakshadweep,2021,Other Fossil,0.0,0.0,0.0,0.0,0.0
India,Lakshadweep,2021,Other Renewables,0.0,0.0,0.0,0.0,0.0
India,Lakshadweep,2021,Solar,0.35,100.0,3.27,0.02,100.0
India,Lakshadweep,2021,Wind,0.0,0.0,0.0,0.0,0.0
India,Madhya Pradesh,2019,Bioenergy,103.24,0.08,120.75,23.74,0.03
India,Madhya Pradesh,2019,Coal,114695.01,89.17,20490.0,94049.91,99.6
India,Madhya Pradesh,2019,Gas,0.0,0.0,0.0,0.0,0.0
India,Madhya Pradesh,2019,Hydro,6037.43,4.69,2330.91,144.9,0.15
India,Madhya Pradesh,2019,Nuclear,0.0,0.0,0.0,0.0,0.0
India,Madhya Pradesh,2019,Other Fossil,0.0,0.0,0.0,0.0,0.0
India,Madhya Pradesh,2019,Other Renewables,36.51,0.03,0.0,1.39,0.0
India,Madhya Pradesh,2019,Solar,3329.83,2.59,2237.49,159.83,0.17
India,Madhya Pradesh,2019,Wind,4418.22,3.44,2519.89,48.6,0.05
India,Madhya Pradesh,2020,Bioenergy,89.88,0.07,122.75,20.67,0.02
India,Madhya Pradesh,2020,Coal,119969.96,88.9,21150.0,98375.37,99.57
India,Madhya Pradesh,2020,Gas,0.0,0.0,0.0,0.0,0.0
India,Madhya Pradesh,2020,Hydro,6716.88,4.98,2334.71,161.21,0.16
India,Madhya Pradesh,2020,Nuclear,0.0,0.0,0.0,0.0,0.0
India,Madhya Pradesh,2020,Other Fossil,0.0,0.0,0.0,0.0,0.0
India,Madhya Pradesh,2020,Other Renewables,40.08,0.03,0.0,1.52,0.0
India,Madhya Pradesh,2020,Solar,4140.58,3.07,2440.15,198.75,0.2
India,Madhya Pradesh,2020,Wind,3986.31,2.95,2519.89,43.85,0.04
India,Madhya Pradesh,2021,Bioenergy,83.6,0.06,128.0,19.23,0.02
India,Madhya Pradesh,2021,Coal,127911.34,90.35,21950.0,104887.3,99.63
India,Madhya Pradesh,2021,Gas,0.0,0.0,0.0,0.0,0.0
India,Madhya Pradesh,2021,Hydro,5209.96,3.68,2334.71,125.04,0.12
India,Madhya Pradesh,2021,Nuclear,0.0,0.0,0.0,0.0,0.0
India,Madhya Pradesh,2021,Other Fossil,0.0,0.0,0.0,0.0,0.0
India,Madhya Pradesh,2021,Other Renewables,34.35,0.02,0.0,1.31,0.0
India,Madhya Pradesh,2021,Solar,3976.43,2.81,2680.12,190.87,0.18
India,Madhya Pradesh,2021,Wind,4357.27,3.08,2519.89,47.93,0.05
India,Maharashtra,2019,Bioenergy,3529.62,2.42,2528.69,811.81,0.88
India,Maharashtra,2019,Coal,106306.24,72.9,25386.0,87171.12,94.24
India,Maharashtra,2019,Gas,8234.09,5.65,3207.08,4034.7,4.36
India,Maharashtra,2019,Hydro,6375.01,4.37,3426.57,153.0,0.17
India,Maharashtra,2019,Nuclear,11156.54,7.65,1400.0,133.88,0.14
India,Maharashtra,2019,Other Fossil,0.0,0.0,0.0,0.0,0.0
India,Maharashtra,2019,Other Renewables,1.12,0.0,0.0,0.04,0.0
India,Maharashtra,2019,Solar,2350.88,1.61,1663.42,112.84,0.12
India,Maharashtra,2019,Wind,7866.21,5.39,5000.33,86.53,0.09
India,Maharashtra,2020,Bioenergy,3542.29,2.78,2596.99,814.73,1.0
India,Maharashtra,2020,Coal,93933.65,73.63,24966.0,77025.59,94.77
India,Maharashtra,2020,Gas,6113.19,4.79,3207.08,2995.46,3.69
India,Maharashtra,2020,Hydro,5967.2,4.68,3426.58,143.21,0.18
India,Maharashtra,2020,Nuclear,8972.34,7.03,1400.0,107.67,0.13
India,Maharashtra,2020,Other Fossil,0.0,0.0,0.0,0.0,0.0
India,Maharashtra,2020,Other Renewables,0.15,0.0,0.0,0.01,0.0
India,Maharashtra,2020,Solar,2529.98,1.98,1895.82,121.44,0.15
India,Maharashtra,2020,Wind,6516.9,5.11,5000.33,71.69,0.09
India,Maharashtra,2021,Bioenergy,4312.73,2.81,2632.15,991.93,0.98
India,Maharashtra,2021,Coal,117319.44,76.37,23856.0,96201.94,95.38
India,Maharashtra,2021,Gas,6458.33,4.2,3207.08,3164.58,3.14
India,Maharashtra,2021,Hydro,6761.09,4.4,3427.83,162.27,0.16
India,Maharashtra,2021,Nuclear,8214.5,5.35,1400.0,98.57,0.1
India,Maharashtra,2021,Other Fossil,0.0,0.0,0.0,0.0,0.0
India,Maharashtra,2021,Other Renewables,0.08,0.0,0.0,0.0,0.0
India,Maharashtra,2021,Solar,3542.88,2.31,2571.92,170.06,0.17
India,Maharashtra,2021,Wind,7019.7,4.57,5012.83,77.22,0.08
India,Manipur,2019,Bioenergy,0.0,0.0,0.0,0.0,0.0
India,Manipur,2019,Coal,0.0,0.0,0.0,0.0,0.0
India,Manipur,2019,Gas,0.0,0.0,0.0,0.0,0.0
India,Manipur,2019,Hydro,367.58,99.28,110.45,8.82,98.57
India,Manipur,2019,Nuclear,0.0,0.0,0.0,0.0,0.0
India,Manipur,2019,Other Fossil,0.0,0.0,36.0,0.0,0.0
India,Manipur,2019,Other Renewables,0.0,0.0,0.0,0.0,0.0
India,Manipur,2019,Solar,2.67,0.72,4.58,0.13,1.43
India,Manipur,2019,Wind,0.0,0.0,0.0,0.0,0.0
India,Manipur,2020,Bioenergy,0.0,0.0,0.0,0.0,0.0
India,Manipur,2020,Coal,0.0,0.0,0.0,0.0,0.0
India,Manipur,2020,Gas,0.0,0.0,0.0,0.0,0.0
India,Manipur,2020,Hydro,571.5,98.82,110.45,13.72,97.67
India,Manipur,2020,Nuclear,0.0,0.0,0.0,0.0,0.0
India,Manipur,2020,Other Fossil,0.0,0.0,36.0,0.0,0.0
India,Manipur,2020,Other Renewables,0.0,0.0,0.0,0.0,0.0
India,Manipur,2020,Solar,6.81,1.18,6.36,0.33,2.33
India,Manipur,2020,Wind,0.0,0.0,0.0,0.0,0.0
India,Manipur,2021,Bioenergy,0.0,0.0,0.0,0.0,0.0
India,Manipur,2021,Coal,0.0,0.0,0.0,0.0,0.0
India,Manipur,2021,Gas,0.0,0.0,0.0,0.0,0.0
India,Manipur,2021,Hydro,490.78,98.64,110.45,11.78,97.31
India,Manipur,2021,Nuclear,0.0,0.0,0.0,0.0,0.0
India,Manipur,2021,Other Fossil,0.0,0.0,36.0,0.0,0.0
India,Manipur,2021,Other Renewables,0.0,0.0,0.0,0.0,0.0
India,Manipur,2021,Solar,6.79,1.36,12.21,0.33,2.69
India,Manipur,2021,Wind,0.0,0.0,0.0,0.0,0.0
India,Meghalaya,2019,Bioenergy,0.0,0.0,13.8,0.0,0.0
India,Meghalaya,2019,Coal,0.0,0.0,0.0,0.0,0.0
India,Meghalaya,2019,Gas,0.0,0.0,0.0,0.0,0.0
India,Meghalaya,2019,Hydro,1077.54,100.0,354.53,25.86,100.0
India,Meghalaya,2019,Nuclear,0.0,0.0,0.0,0.0,0.0
India,Meghalaya,2019,Other Fossil,0.0,0.0,0.0,0.0,0.0
India,Meghalaya,2019,Other Renewables,0.0,0.0,0.0,0.0,0.0
India,Meghalaya,2019,Solar,0.0,0.0,0.12,0.0,0.0
India,Meghalaya,2019,Wind,0.0,0.0,0.0,0.0,0.0
India,Meghalaya,2020,Bioenergy,0.0,0.0,13.8,0.0,0.0
India,Meghalaya,2020,Coal,0.0,0.0,0.0,0.0,0.0
India,Meghalaya,2020,Gas,0.0,0.0,0.0,0.0,0.0
India,Meghalaya,2020,Hydro,1183.95,100.0,354.53,28.41,100.0
India,Meghalaya,2020,Nuclear,0.0,0.0,0.0,0.0,0.0
India,Meghalaya,2020,Other Fossil,0.0,0.0,0.0,0.0,0.0
India,Meghalaya,2020,Other Renewables,0.0,0.0,0.0,0.0,0.0
India,Meghalaya,2020,Solar,0.0,0.0,0.12,0.0,0.0
India,Meghalaya,2020,Wind,0.0,0.0,0.0,0.0,0.0
India,Meghalaya,2021,Bioenergy,0.0,0.0,13.8,0.0,0.0
India,Meghalaya,2021,Coal,0.0,0.0,0.0,0.0,0.0
India,Meghalaya,2021,Gas,0.0,0.0,0.0,0.0,0.0
India,Meghalaya,2021,Hydro,925.75,99.95,354.53,22.22,99.9
India,Meghalaya,2021,Nuclear,0.0,0.0,0.0,0.0,0.0
India,Meghalaya,2021,Other Fossil,0.0,0.0,0.0,0.0,0.0
India,Meghalaya,2021,Other Renewables,0.0,0.0,0.0,0.0,0.0
India,Meghalaya,2021,Solar,0.47,0.05,4.13,0.02,0.1
India,Meghalaya,2021,Wind,0.0,0.0,0.0,0.0,0.0
India,Mizoram,2019,Bioenergy,0.0,0.0,0.0,0.0,0.0
India,Mizoram,2019,Coal,0.0,0.0,0.0,0.0,0.0
India,Mizoram,2019,Gas,0.0,0.0,0.0,0.0,0.0
India,Mizoram,2019,Hydro,216.35,99.81,96.47,5.19,99.61
India,Mizoram,2019,Nuclear,0.0,0.0,0.0,0.0,0.0
India,Mizoram,2019,Other Fossil,0.0,0.0,0.0,0.0,0.0
India,Mizoram,2019,Other Renewables,0.0,0.0,0.0,0.0,0.0
India,Mizoram,2019,Solar,0.42,0.19,1.52,0.02,0.39
India,Mizoram,2019,Wind,0.0,0.0,0.0,0.0,0.0
India,Mizoram,2020,Bioenergy,0.0,0.0,0.0,0.0,0.0
India,Mizoram,2020,Coal,0.0,0.0,0.0,0.0,0.0
India,Mizoram,2020,Gas,0.0,0.0,0.0,0.0,0.0
India,Mizoram,2020,Hydro,189.94,99.76,96.47,4.56,99.53
India,Mizoram,2020,Nuclear,0.0,0.0,0.0,0.0,0.0
India,Mizoram,2020,Other Fossil,0.0,0.0,0.0,0.0,0.0
India,Mizoram,2020,Other Renewables,0.0,0.0,0.0,0.0,0.0
India,Mizoram,2020,Solar,0.45,0.24,1.53,0.02,0.47
India,Mizoram,2020,Wind,0.0,0.0,0.0,0.0,0.0
India,Mizoram,2021,Bioenergy,0.0,0.0,0.0,0.0,0.0
India,Mizoram,2021,Coal,0.0,0.0,0.0,0.0,0.0
India,Mizoram,2021,Gas,0.0,0.0,0.0,0.0,0.0
India,Mizoram,2021,Hydro,148.27,97.66,96.47,3.56,95.43
India,Mizoram,2021,Nuclear,0.0,0.0,0.0,0.0,0.0
India,Mizoram,2021,Other Fossil,0.0,0.0,0.0,0.0,0.0
India,Mizoram,2021,Other Renewables,0.0,0.0,0.0,0.0,0.0
India,Mizoram,2021,Solar,3.55,2.34,7.88,0.17,4.57
India,Mizoram,2021,Wind,0.0,0.0,0.0,0.0,0.0
India,Nagaland,2019,Bioenergy,0.0,0.0,0.0,0.0,0.0
India,Nagaland,2019,Coal,0.0,0.0,0.0,0.0,0.0
India,Nagaland,2019,Gas,0.0,0.0,0.0,0.0,0.0
India,Nagaland,2019,Hydro,244.74,100.0,105.67,5.87,100.0
India,Nagaland,2019,Nuclear,0.0,0.0,0.0,0.0,0.0
India,Nagaland,2019,Other Fossil,0.0,0.0,0.0,0.0,0.0
India,Nagaland,2019,Other Renewables,0.0,0.0,0.0,0.0,0.0
India,Nagaland,2019,Solar,0.0,0.0,1.0,0.0,0.0
India,Nagaland,2019,Wind,0.0,0.0,0.0,0.0,0.0
India,Nagaland,2020,Bioenergy,0.0,0.0,0.0,0.0,0.0
India,Nagaland,2020,Coal,0.0,0.0,0.0,0.0,0.0
India,Nagaland,2020,Gas,0.0,0.0,0.0,0.0,0.0
India,Nagaland,2020,Hydro,266.04,99.63,105.67,6.38,99.83
India,Nagaland,2020,Nuclear,0.0,0.0,0.0,0.0,0.0
India,Nagaland,2020,Other Fossil,0.0,0.0,0.0,0.0,0.0
India,Nagaland,2020,Other Renewables,0.0,0.0,0.0,0.0,0.0
India,Nagaland,2020,Solar,0.0,0.0,1.0,0.0,0.0
India,Nagaland,2020,Wind,1.0,0.37,0.0,0.01,0.17
India,Nagaland,2021,Bioenergy,0.0,0.0,0.0,0.0,0.0
India,Nagaland,2021,Coal,0.0,0.0,0.0,0.0,0.0
India,Nagaland,2021,Gas,0.0,0.0,0.0,0.0,0.0
India,Nagaland,2021,Hydro,182.15,100.0,105.67,4.37,100.0
India,Nagaland,2021,Nuclear,0.0,0.0,0.0,0.0,0.0
India,Nagaland,2021,Other Fossil,0.0,0.0,0.0,0.0,0.0
India,Nagaland,2021,Other Renewables,0.0,0.0,0.0,0.0,0.0
India,Nagaland,2021,Solar,0.0,0.0,3.04,0.0,0.0
India,Nagaland,2021,Wind,0.0,0.0,0.0,0.0,0.0
India,Odisha,2019,Bioenergy,65.6,0.14,59.22,15.09,0.05
India,Odisha,2019,Coal,39513.76,84.26,9800.0,32401.28,99.39
India,Odisha,2019,Gas,0.0,0.0,0.0,0.0,0.0
India,Odisha,2019,Hydro,6894.48,14.7,2206.88,165.47,0.51
India,Odisha,2019,Nuclear,0.0,0.0,0.0,0.0,0.0
India,Odisha,2019,Other Fossil,0.0,0.0,0.0,0.0,0.0
India,Odisha,2019,Other Renewables,0.0,0.0,0.0,0.0,0.0
India,Odisha,2019,Solar,332.76,0.71,397.84,15.97,0.05
India,Odisha,2019,Wind,88.92,0.19,0.0,0.98,0.0
India,Odisha,2020,Bioenergy,47.42,0.08,59.22,10.91,0.02
India,Odisha,2020,Coal,53656.87,87.26,9800.0,43998.63,99.53
India,Odisha,2020,Gas,0.0,0.0,0.0,0.0,0.0
India,Odisha,2020,Hydro,7359.07,11.97,2230.88,176.62,0.4
India,Odisha,2020,Nuclear,0.0,0.0,0.0,0.0,0.0
India,Odisha,2020,Other Fossil,0.0,0.0,0.0,0.0,0.0
India,Odisha,2020,Other Renewables,0.0,0.0,0.0,0.0,0.0
India,Odisha,2020,Solar,428.85,0.7,399.6,20.58,0.05
India,Odisha,2020,Wind,0.0,0.0,0.0,0.0,0.0
India,Odisha,2021,Bioenergy,93.04,0.14,59.22,21.4,0.04
India,Odisha,2021,Coal,58374.73,89.91,9540.0,47867.28,99.6
India,Odisha,2021,Gas,0.0,0.0,0.0,0.0,0.0
India,Odisha,2021,Hydro,5879.09,9.06,2248.88,141.1,0.29
India,Odisha,2021,Nuclear,0.0,0.0,0.0,0.0,0.0
India,Odisha,2021,Other Fossil,0.0,0.0,0.0,0.0,0.0
India,Odisha,2021,Other Renewables,0.0,0.0,0.0,0.0,0.0
India,Odisha,2021,Solar,575.45,0.89,430.84,27.62,0.06
India,Odisha,2021,Wind,0.0,0.0,0.0,0.0,0.0
India,Others,2019,Bioenergy,0.0,,0.0,0.0,
India,Others,2019,Coal,0.0,,0.0,0.0,
India,Others,2019,Gas,0.0,,0.0,0.0,
India,Others,2019,Hydro,0.0,,0.0,0.0,
India,Others,2019,Nuclear,0.0,,0.0,0.0,
India,Others,2019,Other Fossil,0.0,,0.0,0.0,
India,Others,2019,Other Renewables,0.0,,0.0,0.0,
India,Others,2019,Solar,0.0,,45.01,0.0,
India,Others,2019,Wind,0.0,,4.3,0.0,
India,Others,2020,Bioenergy,0.0,,0.0,0.0,
India,Others,2020,Coal,0.0,,0.0,0.0,
India,Others,2020,Gas,0.0,,0.0,0.0,
India,Others,2020,Hydro,0.0,,0.0,0.0,
India,Others,2020,Nuclear,0.0,,0.0,0.0,
India,Others,2020,Other Fossil,0.0,,0.0,0.0,
India,Others,2020,Other Renewables,0.0,,0.0,0.0,
India,Others,2020,Solar,0.0,,45.01,0.0,
India,Others,2020,Wind,0.0,,4.3,0.0,
India,Others,2021,Bioenergy,0.0,,0.0,0.0,
India,Others,2021,Coal,0.0,,0.0,0.0,
India,Others,2021,Gas,0.0,,0.0,0.0,
India,Others,2021,Hydro,0.0,,0.0,0.0,
India,Others,2021,Nuclear,0.0,,0.0,0.0,
India,Others,2021,Other Fossil,0.0,,0.0,0.0,
India,Others,2021,Other Renewables,0.0,,0.0,0.0,
India,Others,2021,Solar,0.0,,45.01,0.0,
India,Others,2021,Wind,0.0,,4.3,0.0,
India,Puducherry,2019,Bioenergy,0.0,0.0,0.0,0.0,0.0
India,Puducherry,2019,Coal,0.0,0.0,0.0,0.0,0.0
India,Puducherry,2019,Gas,238.11,98.46,32.5,116.67,99.85
India,Puducherry,2019,Hydro,0.0,0.0,0.0,0.0,0.0
India,Puducherry,2019,Nuclear,0.0,0.0,0.0,0.0,0.0
India,Puducherry,2019,Other Fossil,0.0,0.0,0.0,0.0,0.0
India,Puducherry,2019,Other Renewables,0.0,0.0,0.0,0.0,0.0
India,Puducherry,2019,Solar,3.73,1.54,5.51,0.18,0.15
India,Puducherry,2019,Wind,0.0,0.0,0.0,0.0,0.0
India,Puducherry,2020,Bioenergy,0.0,0.0,0.0,0.0,0.0
India,Puducherry,2020,Coal,0.0,0.0,0.0,0.0,0.0
India,Puducherry,2020,Gas,247.7,98.24,32.5,121.37,99.82
India,Puducherry,2020,Hydro,0.0,0.0,0.0,0.0,0.0
India,Puducherry,2020,Nuclear,0.0,0.0,0.0,0.0,0.0
India,Puducherry,2020,Other Fossil,0.0,0.0,0.0,0.0,0.0
India,Puducherry,2020,Other Renewables,0.0,0.0,0.0,0.0,0.0
India,Puducherry,2020,Solar,4.44,1.76,7.54,0.21,0.18
India,Puducherry,2020,Wind,0.0,0.0,0.0,0.0,0.0
India,Puducherry,2021,Bioenergy,0.0,0.0,0.0,0.0,0.0
India,Puducherry,2021,Coal,0.0,0.0,0.0,0.0,0.0
India,Puducherry,2021,Gas,241.53,95.18,32.5,118.35,99.51
India,Puducherry,2021,Hydro,0.0,0.0,0.0,0.0,0.0
India,Puducherry,2021,Nuclear,0.0,0.0,0.0,0.0,0.0
India,Puducherry,2021,Other Fossil,0.0,0.0,0.0,0.0,0.0
India,Puducherry,2021,Other Renewables,0.0,0.0,0.0,0.0,0.0
India,Puducherry,2021,Solar,12.24,4.82,12.05,0.59,0.49
India,Puducherry,2021,Wind,0.0,0.0,0.0,0.0,0.0
India,Punjab,2019,Bioenergy,624.48,1.98,327.85,143.63,0.73
India,Punjab,2019,Coal,23660.55,75.07,5680.0,19401.65,98.23
India,Punjab,2019,Gas,0.0,0.0,0.0,0.0,0.0
India,Punjab,2019,Hydro,5826.6,18.49,1269.85,139.84,0.71
India,Punjab,2019,Nuclear,0.0,0.0,0.0,0.0,0.0
India,Punjab,2019,Other Fossil,0.0,0.0,0.0,0.0,0.0
India,Punjab,2019,Other Renewables,0.21,0.0,0.0,0.01,0.0
India,Punjab,2019,Solar,1391.31,4.41,947.1,66.78,0.34
India,Punjab,2019,Wind,16.9,0.05,0.0,0.19,0.0
India,Punjab,2020,Bioenergy,775.62,3.36,484.2,178.39,1.4
India,Punjab,2020,Coal,15112.08,65.49,5680.0,12391.91,97.0
India,Punjab,2020,Gas,0.0,0.0,0.0,0.0,0.0
India,Punjab,2020,Hydro,5825.94,25.25,1269.85,139.82,1.09
India,Punjab,2020,Nuclear,0.0,0.0,0.0,0.0,0.0
India,Punjab,2020,Other Fossil,0.0,0.0,0.0,0.0,0.0
India,Punjab,2020,Other Renewables,0.17,0.0,0.0,0.01,0.0
India,Punjab,2020,Solar,1363.07,5.91,947.1,65.43,0.51
India,Punjab,2020,Wind,0.0,0.0,0.0,0.0,0.0
India,Punjab,2021,Bioenergy,795.26,2.65,491.65,182.91,0.95
India,Punjab,2021,Coal,23026.13,76.69,5680.0,18881.43,98.1
India,Punjab,2021,Gas,0.0,0.0,0.0,0.0,0.0
India,Punjab,2021,Hydro,4756.48,15.84,1271.53,114.16,0.59
India,Punjab,2021,Nuclear,0.0,0.0,0.0,0.0,0.0
India,Punjab,2021,Other Fossil,0.0,0.0,0.0,0.0,0.0
India,Punjab,2021,Other Renewables,0.32,0.0,0.0,0.01,0.0
India,Punjab,2021,Solar,1445.58,4.81,1097.9,69.39,0.36
India,Punjab,2021,Wind,0.0,0.0,0.0,0.0,0.0
India,Rajasthan,2019,Bioenergy,385.0,0.55,121.3,88.55,0.22
India,Rajasthan,2019,Coal,46766.42,66.41,9160.0,38348.47,97.03
India,Rajasthan,2019,Gas,1163.61,1.65,1023.13,570.17,1.44
India,Rajasthan,2019,Hydro,757.24,1.08,434.85,18.17,0.05
India,Rajasthan,2019,Nuclear,8517.6,12.1,1180.0,102.21,0.26
India,Rajasthan,2019,Other Fossil,0.0,0.0,0.0,0.0,0.0
India,Rajasthan,2019,Other Renewables,0.0,0.0,0.0,0.0,0.0
India,Rajasthan,2019,Solar,6827.6,9.7,4844.21,327.72,0.83
India,Rajasthan,2019,Wind,6004.24,8.53,4299.72,66.05,0.17
India,Rajasthan,2020,Bioenergy,417.9,0.6,121.25,96.12,0.26
India,Rajasthan,2020,Coal,43438.64,62.84,9820.0,35619.69,96.57
India,Rajasthan,2020,Gas,1049.13,1.52,1023.13,514.07,1.39
India,Rajasthan,2020,Hydro,509.61,0.74,434.85,12.23,0.03
India,Rajasthan,2020,Nuclear,7700.77,11.14,1180.0,92.41,0.25
India,Rajasthan,2020,Other Fossil,0.0,0.0,0.0,0.0,0.0
India,Rajasthan,2020,Other Renewables,0.0,0.0,0.0,0.0,0.0
India,Rajasthan,2020,Solar,10162.18,14.7,5389.48,487.78,1.32
India,Rajasthan,2020,Wind,5848.42,8.46,4326.82,64.33,0.17
India,Rajasthan,2021,Bioenergy,383.44,0.49,125.08,88.19,0.22
India,Rajasthan,2021,Coal,47661.63,61.35,10480.0,39082.54,96.06
India,Rajasthan,2021,Gas,1402.14,1.8,1023.13,687.05,1.69
India,Rajasthan,2021,Hydro,410.61,0.53,434.85,9.85,0.02
India,Rajasthan,2021,Nuclear,7653.04,9.85,1180.0,91.84,0.23
India,Rajasthan,2021,Other Fossil,0.0,0.0,0.0,0.0,0.0
India,Rajasthan,2021,Other Renewables,0.0,0.0,0.0,0.0,0.0
India,Rajasthan,2021,Solar,13635.36,17.55,10009.77,654.5,1.61
India,Rajasthan,2021,Wind,6541.34,8.42,4326.82,71.95,0.18
India,Sikkim,2019,Bioenergy,0.0,0.0,0.0,0.0,0.0
India,Sikkim,2019,Coal,0.0,0.0,0.0,0.0,0.0
India,Sikkim,2019,Gas,0.0,0.0,0.0,0.0,0.0
India,Sikkim,2019,Hydro,11099.39,100.0,2221.11,266.39,100.0
India,Sikkim,2019,Nuclear,0.0,0.0,0.0,0.0,0.0
India,Sikkim,2019,Other Fossil,0.0,0.0,0.0,0.0,0.0
India,Sikkim,2019,Other Renewables,0.0,0.0,0.0,0.0,0.0
India,Sikkim,2019,Solar,0.0,0.0,0.07,0.0,0.0
India,Sikkim,2019,Wind,0.0,0.0,0.0,0.0,0.0
India,Sikkim,2020,Bioenergy,0.0,0.0,0.0,0.0,0.0
India,Sikkim,2020,Coal,0.0,0.0,0.0,0.0,0.0
India,Sikkim,2020,Gas,0.0,0.0,0.0,0.0,0.0
India,Sikkim,2020,Hydro,10964.49,100.0,2221.11,263.15,100.0
India,Sikkim,2020,Nuclear,0.0,0.0,0.0,0.0,0.0
India,Sikkim,2020,Other Fossil,0.0,0.0,0.0,0.0,0.0
India,Sikkim,2020,Other Renewables,0.0,0.0,0.0,0.0,0.0
India,Sikkim,2020,Solar,0.0,0.0,0.07,0.0,0.0
India,Sikkim,2020,Wind,0.0,0.0,0.0,0.0,0.0
India,Sikkim,2021,Bioenergy,0.0,0.0,0.0,0.0,0.0
India,Sikkim,2021,Coal,0.0,0.0,0.0,0.0,0.0
India,Sikkim,2021,Gas,0.0,0.0,0.0,0.0,0.0
India,Sikkim,2021,Hydro,11361.92,100.0,2334.11,272.69,100.0
India,Sikkim,2021,Nuclear,0.0,0.0,0.0,0.0,0.0
India,Sikkim,2021,Other Fossil,0.0,0.0,0.0,0.0,0.0
India,Sikkim,2021,Other Renewables,0.0,0.0,0.0,0.0,0.0
India,Sikkim,2021,Solar,0.0,0.0,4.64,0.0,0.0
India,Sikkim,2021,Wind,0.0,0.0,0.0,0.0,0.0
India,Tamil Nadu,2019,Bioenergy,520.6,0.51,1003.95,119.74,0.22
India,Tamil Nadu,2019,Coal,63308.69,62.42,13160.0,51913.13,96.04
India,Tamil Nadu,2019,Gas,2860.8,2.82,1017.18,1401.79,2.59
India,Tamil Nadu,2019,Hydro,4759.84,4.69,2301.25,114.24,0.21
India,Tamil Nadu,2019,Nuclear,12002.3,11.83,2440.0,144.03,0.27
India,Tamil Nadu,2019,Other Fossil,0.0,0.0,211.7,0.0,0.0
India,Tamil Nadu,2019,Other Renewables,0.0,0.0,0.0,0.0,0.0
India,Tamil Nadu,2019,Solar,4460.8,4.4,3788.36,214.12,0.4
India,Tamil Nadu,2019,Wind,13503.01,13.31,9285.27,148.53,0.27
India,Tamil Nadu,2020,Bioenergy,524.69,0.55,1019.05,120.68,0.27
India,Tamil Nadu,2020,Coal,51566.19,54.51,12660.0,42284.27,95.08
India,Tamil Nadu,2020,Gas,2701.24,2.86,1017.18,1323.61,2.98
India,Tamil Nadu,2020,Hydro,5596.66,5.92,2301.25,134.32,0.3
India,Tamil Nadu,2020,Nuclear,13522.38,14.29,2440.0,162.27,0.36
India,Tamil Nadu,2020,Other Fossil,0.0,0.0,211.7,0.0,0.0
India,Tamil Nadu,2020,Other Renewables,0.0,0.0,0.0,0.0,0.0
India,Tamil Nadu,2020,Solar,5952.85,6.29,4315.78,285.74,0.64
India,Tamil Nadu,2020,Wind,14742.19,15.58,9428.44,162.16,0.36
India,Tamil Nadu,2021,Bioenergy,754.83,0.73,1039.91,173.61,0.35
India,Tamil Nadu,2021,Coal,58982.7,57.19,13685.0,48365.81,96.47
India,Tamil Nadu,2021,Gas,1630.68,1.58,1017.18,799.03,1.59
India,Tamil Nadu,2021,Hydro,5294.77,5.13,2301.25,127.07,0.25
India,Tamil Nadu,2021,Nuclear,13990.14,13.57,2440.0,167.88,0.33
India,Tamil Nadu,2021,Other Fossil,0.0,0.0,211.7,0.0,0.0
India,Tamil Nadu,2021,Other Renewables,0.0,0.0,0.0,0.0,0.0
India,Tamil Nadu,2021,Solar,6867.65,6.66,4852.36,329.65,0.66
India,Tamil Nadu,2021,Wind,15605.37,15.13,9851.8,171.66,0.34
India,Telangana,2019,Bioenergy,259.02,0.43,177.6,59.57,0.15
India,Telangana,2019,Coal,48640.58,81.47,7182.5,39885.27,98.84
India,Telangana,2019,Gas,0.0,0.0,0.0,0.0,0.0
India,Telangana,2019,Hydro,4237.98,7.1,2496.47,101.71,0.25
India,Telangana,2019,Nuclear,0.0,0.0,0.0,0.0,0.0
India,Telangana,2019,Other Fossil,0.0,0.0,0.0,0.0,0.0
India,Telangana,2019,Other Renewables,30.66,0.05,0.0,1.17,0.0
India,Telangana,2019,Solar,6293.34,10.54,3620.75,302.08,0.75
India,Telangana,2019,Wind,239.13,0.4,128.1,2.63,0.01
India,Telangana,2020,Bioenergy,249.78,0.46,205.9,57.45,0.16
India,Telangana,2020,Coal,43316.53,80.61,7302.5,35519.56,98.75
India,Telangana,2020,Gas,0.0,0.0,0.0,0.0,0.0
India,Telangana,2020,Hydro,3541.56,6.59,2496.47,85.0,0.24
India,Telangana,2020,Nuclear,0.0,0.0,0.0,0.0,0.0
India,Telangana,2020,Other Fossil,0.0,0.0,0.0,0.0,0.0
India,Telangana,2020,Other Renewables,59.55,0.11,0.0,2.26,0.01
India,Telangana,2020,Solar,6336.98,11.79,3936.36,304.18,0.85
India,Telangana,2020,Wind,229.74,0.43,128.1,2.53,0.01
India,Telangana,2021,Bioenergy,201.42,0.32,219.74,46.33,0.11
India,Telangana,2021,Coal,50873.56,79.64,7572.5,41716.32,98.8
India,Telangana,2021,Gas,0.0,0.0,0.0,0.0,0.0
India,Telangana,2021,Hydro,5899.99,9.24,2496.47,141.6,0.34
India,Telangana,2021,Nuclear,0.0,0.0,0.0,0.0,0.0
India,Telangana,2021,Other Fossil,0.0,0.0,0.0,0.0,0.0
India,Telangana,2021,Other Renewables,195.07,0.31,0.0,7.41,0.02
India,Telangana,2021,Solar,6444.7,10.09,4178.48,309.35,0.73
India,Telangana,2021,Wind,263.61,0.41,128.1,2.9,0.01
India,Tripura,2019,Bioenergy,0.0,0.0,0.0,0.0,0.0
India,Tripura,2019,Coal,0.0,0.0,0.0,0.0,0.0
India,Tripura,2019,Gas,6670.9,99.49,1132.1,3268.74,99.97
India,Tripura,2019,Hydro,29.73,0.44,16.01,0.71,0.02
India,Tripura,2019,Nuclear,0.0,0.0,0.0,0.0,0.0
India,Tripura,2019,Other Fossil,0.0,0.0,0.0,0.0,0.0
India,Tripura,2019,Other Renewables,0.0,0.0,0.0,0.0,0.0
India,Tripura,2019,Solar,4.36,0.07,9.41,0.21,0.01
India,Tripura,2019,Wind,0.0,0.0,0.0,0.0,0.0
India,Tripura,2020,Bioenergy,0.0,0.0,0.0,0.0,0.0
India,Tripura,2020,Coal,0.0,0.0,0.0,0.0,0.0
India,Tripura,2020,Gas,6443.56,99.72,1132.1,3157.34,99.98
India,Tripura,2020,Hydro,12.57,0.19,16.01,0.3,0.01
India,Tripura,2020,Nuclear,0.0,0.0,0.0,0.0,0.0
India,Tripura,2020,Other Fossil,0.0,0.0,0.0,0.0,0.0
India,Tripura,2020,Other Renewables,0.0,0.0,0.0,0.0,0.0
India,Tripura,2020,Solar,5.54,0.09,9.41,0.27,0.01
India,Tripura,2020,Wind,0.0,0.0,0.0,0.0,0.0
India,Tripura,2021,Bioenergy,0.0,0.0,0.0,0.0,0.0
India,Tripura,2021,Coal,0.0,0.0,0.0,0.0,0.0
India,Tripura,2021,Gas,6387.37,99.81,1099.6,3129.81,99.99
India,Tripura,2021,Hydro,5.99,0.09,16.01,0.14,0.0
India,Tripura,2021,Nuclear,0.0,0.0,0.0,0.0,0.0
India,Tripura,2021,Other Fossil,0.0,0.0,0.0,0.0,0.0
India,Tripura,2021,Other Renewables,0.0,0.0,0.0,0.0,0.0
India,Tripura,2021,Solar,6.02,0.09,14.87,0.29,0.01
India,Tripura,2021,Wind,0.0,0.0,0.0,0.0,0.0
India,Uttar Pradesh,2019,Bioenergy,3894.94,3.01,2115.51,895.84,0.91
India,Uttar Pradesh,2019,Coal,117359.58,90.78,22409.0,96234.85,97.91
India,Uttar Pradesh,2019,Gas,2101.88,1.63,1493.14,1029.92,1.05
India,Uttar Pradesh,2019,Hydro,1088.86,0.84,526.7,26.13,0.03
India,Uttar Pradesh,2019,Nuclear,3472.58,2.69,440.0,41.67,0.04
India,Uttar Pradesh,2019,Other Fossil,0.0,0.0,0.0,0.0,0.0
India,Uttar Pradesh,2019,Other Renewables,0.0,0.0,0.0,0.0,0.0
India,Uttar Pradesh,2019,Solar,1363.26,1.05,1045.1,65.44,0.07
India,Uttar Pradesh,2019,Wind,0.0,0.0,0.0,0.0,0.0
India,Uttar Pradesh,2020,Bioenergy,3776.54,2.95,2117.26,868.6,0.9
India,Uttar Pradesh,2020,Coal,114190.67,89.26,22409.0,93636.35,97.45
India,Uttar Pradesh,2020,Gas,2880.15,2.25,1493.14,1411.27,1.47
India,Uttar Pradesh,2020,Hydro,1774.92,1.39,550.7,42.6,0.04
India,Uttar Pradesh,2020,Nuclear,3632.71,2.84,440.0,43.59,0.05
India,Uttar Pradesh,2020,Other Fossil,0.0,0.0,0.0,0.0,0.0
India,Uttar Pradesh,2020,Other Renewables,0.0,0.0,0.0,0.0,0.0
India,Uttar Pradesh,2020,Solar,1671.63,1.31,1292.85,80.24,0.08
India,Uttar Pradesh,2020,Wind,0.0,0.0,0.0,0.0,0.0
India,Uttar Pradesh,2021,Bioenergy,3346.64,2.37,2179.67,769.73,0.72
India,Uttar Pradesh,2021,Coal,128979.95,91.42,23729.0,105763.56,98.51
India,Uttar Pradesh,2021,Gas,1280.16,0.91,1493.14,627.28,0.58
India,Uttar Pradesh,2021,Hydro,1520.63,1.08,550.7,36.5,0.03
India,Uttar Pradesh,2021,Nuclear,3254.02,2.31,440.0,39.05,0.04
India,Uttar Pradesh,2021,Other Fossil,0.0,0.0,0.0,0.0,0.0
India,Uttar Pradesh,2021,Other Renewables,12.5,0.01,0.0,0.48,0.0
India,Uttar Pradesh,2021,Solar,2688.95,1.91,2173.99,129.07,0.12
India,Uttar Pradesh,2021,Wind,0.0,0.0,0.0,0.0,0.0
India,Uttarakhand,2019,Bioenergy,112.83,0.64,130.5,25.95,1.97
India,Uttarakhand,2019,Coal,0.0,0.0,0.0,0.0,0.0
India,Uttarakhand,2019,Gas,1862.94,10.64,450.0,912.84,69.18
India,Uttarakhand,2019,Hydro,15188.52,86.78,3970.67,364.52,27.62
India,Uttarakhand,2019,Nuclear,0.0,0.0,0.0,0.0,0.0
India,Uttarakhand,2019,Other Fossil,0.0,0.0,0.0,0.0,0.0
India,Uttarakhand,2019,Other Renewables,0.0,0.0,0.0,0.0,0.0
India,Uttarakhand,2019,Solar,338.48,1.93,315.49,16.25,1.23
India,Uttarakhand,2019,Wind,0.0,0.0,0.0,0.0,0.0
India,Uttarakhand,2020,Bioenergy,95.9,0.6,130.22,22.06,3.12
India,Uttarakhand,2020,Coal,0.0,0.0,0.0,0.0,0.0
India,Uttarakhand,2020,Gas,629.62,3.92,450.0,308.51,43.66
India,Uttarakhand,2020,Hydro,14974.83,93.31,4069.67,359.4,50.86
India,Uttarakhand,2020,Nuclear,0.0,0.0,0.0,0.0,0.0
India,Uttarakhand,2020,Other Fossil,0.0,0.0,0.0,0.0,0.0
India,Uttarakhand,2020,Other Renewables,0.0,0.0,0.0,0.0,0.0
India,Uttarakhand,2020,Solar,347.57,2.17,320.44,16.68,2.36
India,Uttarakhand,2020,Wind,0.0,0.0,0.0,0.0,0.0
India,Uttarakhand,2021,Bioenergy,238.44,1.47,139.44,54.84,4.6
India,Uttarakhand,2021,Coal,0.0,0.0,0.0,0.0,0.0
India,Uttarakhand,2021,Gas,1601.95,9.88,450.0,784.96,65.87
India,Uttarakhand,2021,Hydro,14085.47,86.87,4069.67,338.05,28.37
India,Uttarakhand,2021,Nuclear,0.0,0.0,0.0,0.0,0.0
India,Uttarakhand,2021,Other Fossil,0.0,0.0,0.0,0.0,0.0
India,Uttarakhand,2021,Other Renewables,0.0,0.0,0.0,0.0,0.0
India,Uttarakhand,2021,Solar,288.03,1.78,552.86,13.83,1.16
India,Uttarakhand,2021,Wind,0.0,0.0,0.0,0.0,0.0
India,West Bengal,2019,Bioenergy,1232.97,1.59,319.92,283.58,0.47
India,West Bengal,2019,Coal,73318.42,94.34,14275.0,60121.11,99.4
India,West Bengal,2019,Gas,0.0,0.0,80.0,0.0,0.0
India,West Bengal,2019,Hydro,3106.23,4.0,1439.7,74.55,0.12
India,West Bengal,2019,Nuclear,0.0,0.0,0.0,0.0,0.0
India,West Bengal,2019,Other Fossil,0.0,0.0,0.0,0.0,0.0
India,West Bengal,2019,Other Renewables,0.0,0.0,0.0,0.0,0.0
India,West Bengal,2019,Solar,61.49,0.08,109.41,2.95,0.0
India,West Bengal,2019,Wind,0.0,0.0,0.0,0.0,0.0
India,West Bengal,2020,Bioenergy,441.32,0.61,319.92,101.5,0.18
India,West Bengal,2020,Coal,68393.52,93.86,14165.0,56082.68,99.62
India,West Bengal,2020,Gas,0.0,0.0,80.0,0.0,0.0
India,West Bengal,2020,Hydro,3146.08,4.32,1439.7,75.51,0.13
India,West Bengal,2020,Nuclear,0.0,0.0,0.0,0.0,0.0
India,West Bengal,2020,Other Fossil,0.0,0.0,0.0,0.0,0.0
India,West Bengal,2020,Other Renewables,819.25,1.12,0.0,31.13,0.06
India,West Bengal,2020,Solar,65.37,0.09,149.84,3.14,0.01
India,West Bengal,2020,Wind,0.0,0.0,0.0,0.0,0.0
India,West Bengal,2021,Bioenergy,0.0,0.0,322.45,0.0,0.0
India,West Bengal,2021,Coal,82664.09,94.27,14177.0,67784.56,99.79
India,West Bengal,2021,Gas,0.0,0.0,80.0,0.0,0.0
India,West Bengal,2021,Hydro,3369.9,3.84,1439.7,80.88,0.12
India,West Bengal,2021,Nuclear,0.0,0.0,0.0,0.0,0.0
India,West Bengal,2021,Other Fossil,0.0,0.0,0.0,0.0,0.0
India,West Bengal,2021,Other Renewables,1561.84,1.78,0.0,59.35,0.09
India,West Bengal,2021,Solar,96.69,0.11,164.97,4.64,0.01
India,West Bengal,2021,Wind,0.0,0.0,0.0,0.0,0.0
